Schimmel Rutherford and Gleason,16.27,3,2023-04-22
Bosco-Doyle,51.92,9,2022-10-15
Hyatt-Mayer,50.64,5,2022-09-21
Sanford Leffler and Blick,4.03,10,2023-02-28
VonRueden LLC,47.93,5,2022-10-08
Toy-Schimmel,14.26,9,2022-08-08
Padberg LLC,97.76,2,2023-01-04
Brekke-Jakubowski,35.68,5,2022-06-06
Price-Koch,83.39,5,2022-03-23
Tremblay Group,2.63,7,2022-11-25
Morar Inc,38.19,6,2022-09-10
Swift-Kovacek,96.89,6,2022-12-15
Sauer and Sons,99.46,9,2023-04-01
Stehr Inc,76.31,9,2022-11-30
Zemlak-Tremblay,21.65,8,2022-03-11
Olson and Sons,23.05,2,2022-03-11
Pouros Goyette and Murphy,27.15,10,2022-07-20
Rowe-Cremin,71.9,7,2023-02-03
Graham-Rolfson,54.51,1,2023-03-31
Feest LLC,28.33,4,2022-09-18
Lebsack-Harber,7.11,3,2022-12-02
Torphy Waelchi and Barton,33.59,4,2022-10-11
Ratke-Champlin,1.92,5,2022-04-24
Hauck-Douglas,84.61,5,2022-07-21
Fay-Prohaska,86.59,10,2022-05-16
Will Reinger and Reynolds,97.26,7,2022-05-26
Lakin Gibson and Keebler,79.54,10,2023-01-28
Ruecker-Doyle,70.92,2,2022-09-21
Ortiz Group,93.53,5,2022-11-16
Roberts LLC,13.29,1,2022-07-03
Harvey Hane and Breitenberg,91.13,9,2022-06-21
Kuhic Inc,73.8,9,2022-05-22
Fay-Hilpert,91.62,4,2022-10-13
Schmidt-Goyette,7.65,2,2023-03-02
Aufderhar LLC,93.96,6,2022-05-04
Wyman Zemlak and Schroeder,35.92,8,2022-12-21
Connelly Walsh and Hyatt,44.17,3,2022-10-14
Kris Dach and Windler,58.08,10,2022-11-18
Ward-Dooley,46.07,5,2022-05-21
Wyman LLC,2.11,1,2022-07-03
Kuphal Kertzmann and Bode,77.85,7,2022-05-21
Ullrich Mills and Zulauf,9.56,10,2022-08-11
Armstrong Inc,45.14,10,2022-09-28
Tremblay-Skiles,92.1,10,2023-03-14
Orn Inc,66.69,8,2022-03-08
Zboncak Inc,42.09,4,2023-03-09
Little Conroy and Johns,1.14,5,2023-04-21
Padberg Group,81.07,5,2022-03-30
Gutkowski-O'Connell,38.25,3,2023-03-01
Hodkiewicz-Price,6.28,3,2023-04-08
Lowe Lueilwitz and Nolan,53.27,10,2022-07-07
Kautzer-Connelly,48.15,1,2022-08-23
Dicki-Ruecker,3.02,2,2023-02-15
Gleichner Reichel and Hansen,51.97,4,2023-02-08
Erdman-Wisoky,72.64,10,2023-04-15
O'Kon Hartmann and Marvin,95.63,2,2022-06-24
Greenholt LLC,33.87,2,2022-06-13
Dickens-Bartoletti,91.34,3,2022-10-09
Ziemann Stracke and Balistreri,48.32,2,2022-05-24
Durgan Group,72.57,3,2022-07-05
D'Amore LLC,6.69,10,2022-03-17
Gusikowski-Hills,65.28,2,2022-04-17
Walker-Rau,16.04,4,2023-01-15
Bartell Marquardt and Kohler,97.62,9,2022-04-23
Mitchell Stokes and Kuhn,96.1,5,2022-09-19
Heathcote-Parisian,30.14,9,2022-12-27
Boehm LLC,99.73,10,2023-01-28
Tremblay-Konopelski,94.97,5,2022-07-21
Marks and Sons,21.17,1,2022-08-13
Hettinger and Sons,71.28,3,2022-09-18
Braun Stehr and Windler,92.15,9,2022-03-20
Ullrich LLC,64.64,9,2023-01-12
Bartoletti LLC,16.65,6,2023-04-11
Brown Dickens and Koss,48.13,10,2022-12-30
Purdy and Sons,29.45,1,2023-01-19
Mitchell-Muller,67.0,6,2022-10-03
Reilly Inc,90.88,6,2022-08-07
Medhurst-Streich,10.85,6,2022-08-14
Hauck-Rutherford,46.09,2,2022-03-26
Schiller Hickle and Raynor,24.44,4,2022-10-20
Armstrong Kuhlman and Kub,92.72,1,2022-05-26
Wisoky Group,49.31,2,2023-04-27
McDermott-Jacobs,72.31,9,2022-05-16
Schuster-Gislason,97.48,4,2022-08-15
Grady Group,92.44,7,2023-01-21
Ernser-Feil,55.68,2,2022-06-03
Haley Inc,25.46,8,2023-03-10
Turcotte Group,87.78,10,2022-11-20
Kirlin-Schamberger,11.16,4,2022-09-15
Braun Jacobson and Collins,74.73,7,2023-03-21
Schroeder Beier and Gottlieb,81.11,1,2022-05-13
Murazik Group,6.72,9,2022-08-06
Waters Schultz and Hoeger,79.46,2,2023-01-20
Dietrich Gleason and Thiel,44.64,2,2023-04-18
Macejkovic LLC,14.16,2,2022-11-28
Koch Group,55.22,9,2023-04-29
Pfannerstill Inc,74.73,9,2023-03-13
Hauck Hackett and Schmeler,44.2,7,2022-03-02
Leannon-O'Keefe,77.14,3,2023-04-06
Fahey LLC,92.3,1,2022-05-14
